term,frequency
too,32
larry,19
theultracoolcutiebobo,15
smadging,14
fucking,12
licked,12
xoosd,10
jazzy,10
lol,9
cool,8
randomping,7
wicked,7
snoopydoly,7
razzy,7
jazzykat,7
peepopissed,7
fixed,6
sorry,6
pulled,6
bapped,6
bed,6
working,6
asked,6
smh,6
gaming,6
counting,6
removed,6
look,5
opening,5
school,5
trying,5
roosevelt,5
saying,5
using,5
chatting,5
eating,5
missed,5
occurrences,5
horror,5
ozzy,5
looking,4
died,4
asking,4
door,4
alzexx,4
pls,4
according,4
waiting,4
talking,4
sleeping,4
room,4
failed,4
subscribing,4
described,4
setting,4
berra,4
shipping,4
married,3
suffering,3
needed,3
wanted,3
added,3
hecking,3
boring,3
blood,3
fired,3
sodaboop,3
sodaing,3
noo,3
moon,3
weebsdetected,3
fucked,3
monkaheliwatcheswidepeepohappysmokeswhilerunningovercivilansofchicagoandfatdankpeepoisalsotheretoo,3
gifting,3
everything,3
ping,3
running,3
batpls,3
jebasted,3
snoopy,3
worked,3
licking,3
merged,3
moonmoon,3
google,3
watched,3
hibernating,3
retarded,3
amazing,2
tired,2
slayed,2
fighting,2
feeling,2
yoo,2
bored,2
announced,2
dropped,2
shoot,2
facebook,2
current,2
strawberry,2
bayzed,2
figured,2
annytfcool,2
resubscribing,2
stooges,2
resurrected,2
including,2
zoomer,2
lmaoo,2
bboomer,2
turned,2
driving,2
happened,2
streaming,2
goog,2
listening,2
interesting,2
morning,2
bepgood,2
awoo,2
pinged,2
tasting,2
renamed,2
played,2
currently,2
peped,2
booba,2
talked,2
trueing,2
peepoarrive,2
sodaarrive,2
oops,2
banned,2
pugpls,2
refreshed,2
supposed,2
explaining,2
booger,2
unsweetened,2
waytoodank,2
googled,2
turning,2
walking,2
missing,2
jared,2
coming,2
ted,2
ordering,2
foods,2
jerking,2
pokibased,2
red,2
fixing,2
racing,2
fricking,2
streamed,2
remembered,2
downloaded,2
dicked,2
boiling,2
waited,1
struggled,1
took,1
tripping,1
scrolling,1
kidding,1
rizzler,1
sticking,1
stabbed,1
keeping,1
rizzing,1
produced,1
calling,1
caused,1
causing,1
expressing,1
raped,1
relieved,1
sharing,1
stunned,1
traumatizing,1
treated,1
pookiegirl,1
murdered,1
mutated,1
narration,1
scored,1
commenting,1
kissed,1
dumped,1
lizzo,1
implying,1
carrie,1
leaving,1
balanced,1
having,1
shooting,1
bathroom,1
blazed,1
humiliated,1
mopping,1
pwned,1
sending,1
fed,1
groaning,1
climbed,1
girlbossed,1
acted,1
jumped,1
destroyed,1
fortified,1
staring,1
surprised,1
assassinating,1
served,1
sparrow,1
attacked,1
robbed,1
strawberries,1
guessing,1
batchesting,1
defying,1
interested,1
invented,1
doggoarrive,1
yamatosaloo,1
esfandpls,1
reminded,1
troops,1
covered,1
killing,1
raised,1
alcoolaj,1
moon2bed,1
vulpes3bored,1
enjoyed,1
boot,1
boo,1
paperronnie,1
lukeocworried,1
fitting,1
crumptalking,1
pepegapls,1
gifted,1
boboboobob,1
ultracoolcutiebobo,1
ultracoolcutiebobutt,1
devastated,1
rood,1
walked,1
joking,1
meaning,1
zoomers,1
doom,1
considering,1
cooklesenpai,1
esfandokaying,1
crreamold,1
lirikboomer,1
peepowoof,1
bullying,1
weebsshoo,1
spotted,1
ignoring,1
vulpes3depressed,1
baiting,1
aeriypls,1
personalizing,1
nothing,1
gamesplayed,1
sned,1
automated,1
weebing,1
vtubing,1
logged,1
selphyawoo,1
justing,1
sodapoppinlookingatyou,1
sadgeigoop,1
sooner,1
scammed,1
furry,1
goodmorning,1
procrastinating,1
spelled,1
goodnight,1
cartoons,1
selphytired,1
cantaworry,1
patting,1
clicking,1
simulating,1
eeping,1
bapping,1
seemsgood,1
aoo,1
furrys,1
hugging,1
selphywriting,1
anottherrandomviewer,1
kookiez,1
created,1
earned,1
hogingping,1
defending,1
betting,1
unlimited,1
sodapeeking,1
rolled,1
terry,1
bing,1
ding,1
hosted,1
exclaimed,1
nmpthinking,1
afternoon,1
salvaged,1
ayoo,1
commissioned,1
animated,1
bloodwar,1
woohoo,1
secluded,1
annoying,1
scropionxking,1
ooh,1
evening,1
winwalkerwicked,1
mixed,1
offended,1
xqcmood,1
peeposcared,1
interviewing,1
clothing,1
glizziers,1
nozavglizzy,1
perry,1
merry,1
appealed,1
hoping,1
timeouted,1
fishing,1
hearing,1
tmterrance,1
typed,1
updated,1
herrcookiekiller,1
squeezed,1
duckpls,1
rhyming,1
ayyoo,1
goody,1
omg,1
googler,1
surpassed,1
refrigerated,1
selling,1
football,1
palpitating,1
serviced,1
arriving,1
blushed,1
loved,1
defeated,1
cornered,1
beginning,1
revealed,1
shortened,1
discussed,1
boeing,1
headquartered,1
copying,1
carboon,1
distinguished,1
moved,1
gathering,1
ending,1
kangaroo,1
sodasipping,1
aided,1
lightning,1
dressed,1
reported,1
sized,1
entered,1
robbing,1
dated,1
hood,1
hooded,1
poop,1
correspond,1
formed,1
becoming,1
coached,1
mirror,1
rowling,1
convinced,1
hoover,1
rolling,1
witnessing,1
ranked,1
correspondent,1
established,1
spurred,1
condemned,1
believed,1
originated,1
named,1
cared,1
cheated,1
building,1
mixing,1
separated,1
donkpls,1
aged,1
guessed,1
swallowing,1
featured,1
advertised,1
poweerr,1
saving,1
dying,1
worried,1
stopped,1
passing,1
fapping,1
trolling,1
doordash,1
feed,1
bring,1
groupmeeting,1
ferries,1
sing,1
cooking,1
endangered,1
teswting,1
testing,1
sourpls,1
scamazz,1
errors,1
spitting,1
rubbing,1
pokiwaiting,1
doofg,1
docpls,1
abandoned,1
rrpoeret,1
flagged,1
shrugging,1
ked,1
ting,1
modeling,1
coiled,1
lubed,1
learning,1
repressed,1
training,1
happening,1
sculpting,1
referred,1
tested,1
crowded,1
streamerr,1
seeing,1
released,1
standing,1
riveting,1
starting,1
peeling,1
jumping,1
pool,1
rooc,1
bronzed,1
filled,1
pimped,1
ejected,1
empirre,1
happythoboop,1
tempted,1
changing,1
corridor,1
generated,1
sodapooper,1
sooda,1
subbed,1
sched,1
cursed,1
restarting,1
coupled,1
demanding,1
likelihood,1
occuring,1
hammered,1
ppoof,1
submitting,1
versioning,1
yelling,1
hoodie,1
loop,1
looked,1
allgedging,1
corroborators,1
squirrel,1
arggruugrgrgrr,1
falling,1
boned,1
ded,1
terrible,1
thinking,1
allowed,1
advanced,1
developed,1
lied,1
promoting,1
arrive,1
slammed,1
prooducing,1
leased,1
microwaving,1
madging,1
refurbished,1
aarrhh,1
drinking,1
sitting,1
followed,1
dmed,1
bloods,1
located,1
worded,1
buried,1
composed,1
crumparrive,1
ndroo,1
